,balance,in btc,in usd
BTC,0.00500422,0.00500422,45.9557039058
ETH,0.10195974,0.0027029017275299995,24.82180069558172
WTC,0.968,4.719e-05,0.4333641741
SALT,0.00806,0.0,0.0
REQ,1635.033,0.00250160049,22.973172923861096
WABI,0.894,1.22925e-05,0.11288682157499999
SBTC,9.1e-07,0.0,0.0
BCX,0.0091,0.0,0.0
ICX,61.30271,0.00212015422535,19.470203111536936
VET,9090.9,0.005999994,55.10028489966
VTHO,2255.41149825,0.0,0.0
