,balance,in btc,in usd
BTC,0.00500422,0.00500422,48.277962239000004
ETH,0.10195974,0.00275515609428,26.580230661761586
WTC,0.968,5.35304e-05,0.51643185748
SALT,0.00806,0.0,0.0
REQ,1635.033,0.0025751769749999998,24.84389110746375
WABI,0.894,1.3423410000000002e-05,0.12950167680450003
SBTC,9.1e-07,0.0,0.0
BCX,0.0091,0.0,0.0
ICX,61.30271,0.0025354800856,24.46091735182172
VET,9090.9,0.0062272665,60.07724219542501
VTHO,2255.41149825,0.0,0.0
