,balance,in btc,in usd
BTC,0.00500422,0.00500422,42.898675950000005
ETH,0.10195974,0.00266349428802,22.83280478405145
WTC,0.968,4.77224e-05,0.40910027400000004
SALT,0.00806,0.0,0.0
REQ,1635.033,0.00251795082,21.585133404449998
WABI,0.894,1.260093e-05,0.108021472425
SBTC,9.1e-07,0.0,0.0
BCX,0.0091,0.0,0.0
ICX,61.30271,0.0021474339313,18.40887737606925
VET,9090.9,0.005999994,51.434948565
VTHO,2255.41149825,0.0,0.0
