,balance,in btc,in usd
BTC,0.00500422,0.00500422,45.332428304800004
ETH,0.10195974,0.00251218603386,22.75749133097232
WTC,0.968,3.4847999999999996e-05,0.31568245631999997
SALT,0.00806,0.0,0.0
REQ,1635.033,0.004717070205,42.7311842558622
WABI,0.894,1.030782e-05,0.0933768921288
SBTC,9.1e-07,0.0,0.0
BCX,0.0091,0.0,0.0
ICX,61.30271,0.0019408437986000002,17.581793436509624
VET,9090.9,0.0085909005,77.82359308542
VTHO,2695.81105781,0.0,0.0
