,balance,in btc,in usd
BTC,0.00500422,0.00500422,45.520586976800004
ETH,0.10195974,0.00253747204938,23.081962248862208
WTC,0.968,3.5573999999999995e-05,0.32359675656
SALT,0.00806,0.0,0.0
REQ,1635.033,0.004341012615,39.4877607915906
WABI,0.894,1.033464e-05,0.09400843268160002
SBTC,9.1e-07,0.0,0.0
BCX,0.0091,0.0,0.0
ICX,61.30271,0.00218452207085,19.871373946162773
VET,9090.9,0.0096818085,88.06999011174
VTHO,2695.81105781,0.0,0.0
